'1001189187',
'1001832683',
'1003994762',
'1004448763',
'1006164573',
'1009649568',
'1015215731',
'1018098873',
'1019635025',
'1021670041',
'1021887031',
'1025221822',
'1029964441',
'1032417827',
'1054018710',
'1064045515',
'1064606117',
'1071318496',
'1073291794',
'1074908720',
'1081649148',
'1081796075',
'1087545327',
'1095256004',
'1096901561',
'1109420591',
'1112501898',
'1115911603',
'1120863841',
'1123300553',
'1124143476',
'1130339067',
'1136576215',
'1137050402',
'1137915118',
'1141001915',
'1144435912',
'1145489443',
'1151134414',
'1151241660',
'1155579852',
'1155700871',
'1163113821',
'1163886874',
'1172198816',
'1191738961',
'1192252741',
'1206188482',
'1207211210',
'1207685855',
'1211395961',
'1211958381',
'1215847918',
'1217298590',
'1221740486',
'1223799286',
'1232692357',
'1234536646',
'1237672956',
'1239466261',
'1242774191',
'1245762655',
'1253635647',
'1254480273',
'1269009194',
'1269435705',
'1269538271',
'1270173251',
'1273478396',
'1284723627',
'1287632810',
'1291337572',
'1294809843',
'1303782018',
'1305794362',
'1309112745',
'1312057006',
'1321172017',
'1321705724',
'1322224642',
'1327616367',
'1329833700',
'1334340925',
'1335340991',
'1338791142',
'1346587151',
'1346775091',
'1347310662',
'1350109815',
'1353276582',
'1357044351',
'1381710952',
'1381813340',
'1382704831',
'1386146151',
'1389505142',
'1404882305',
'1413232536',
'1414499344',
'1415722890',
'1420018586',
'1420257332',
'1434672152',
'1437668488',
'1440080002',
'1454785902',
'1457360214',
'1459050487',
'1462930553',
'1463325721',
'1463479681',
'1470135777',
'1470255637',
'1477510771',
'1481938997',
'1494074705',
'1506159202',
'1507417263',
'1510269290',
'1517130703',
'1517965624',
'1527365911',
'1529148181',
'1534263252',
'1534849021',
'1543189432',
'1544901488',
'1545856160',
'1548444358',
'1552207341',
'1556789076',
'1557085221',
'1557700014',
'1558520070',
'1559621294',
'1559989826',
'1563867653',
'1564361562',
'1568016312',
'1570450634',
'1574302080',
'1586001973',
'1592836701',
'1599903403',
'1601614935',
'1617907044',
'1626194982',
'1630626561',
'1630834131',
'1631723724',
'1641094312',
'1651662087',
'1654338147',
'1658035117',
'1662058805',
'1662293855',
'1663906411',
'1666077622',
'1668957225',
'1675394855',
'1678784796',
'1681904866',
'1696630511',
'1697366915',
'1703389098',
'1704858416',
'1704995377',
'1708390702',
'1712706300',
'1716976757',
'1728246418',
'1730277072',
'1737122900',
'1738114560',
'1739768382',
'1745445691',
'1746887052',
'1747006091',
'1748770506',
'1751886898',
'1752148400',
'1756121751',
'1757954181',
'1761342603',
'1767107542',
'1768606096',
'1768869842',
'1769189517',
'1769469031',
'1770156410',
'1794734834',
'1804962831',
'1806597321',
'1811020391',
'1813908814',
'1815176162',
'1815885837',
'1816060211',
'1817247744',
'1821678414',
'1824109778',
'1826651661',
'1832972661',
'1839496844',
'1845583021',
'1847451640',
'1849565712',
'1850265981',
'1853010252',
'1854416072',
'1854519787',
'1857378892',
'1863644518',
'1869987873',
'1873782293',
'1874345685',
'1884039507',
'1887845651',
'1896799055',
'1900495771',
'1908085010',
'1913529051',
'1917914331',
'1918405604',
'1921806851',
'1926354235',
'1928987404',
'1933931391',
'1946521941',
'1955495486',
'1963863202',
'1967803320',
'1968385441',
'1971916615',
'1973227531',
'1975398105',
'1977196365',
'1983425112',
'1983639213',
'1991305431',
'1999307512',
'2003909042',
'2004054131',
'2018143087',
'2021140057',
'2024859914',
'2025953283',
'2039688214',
'2046079981',
'2054742992',
'2060865711',
'2063888781',
'2064785622',
'2070818607',
'2071626111',
'2076674456',
'2078704862',
'2078933557',
'2082388088',
'2086820057',
'2096028045',
'2101841156',
'2102721918',
'2107650534',
'2115845521',
'2116881148',
'2118319536',
'2121859612',
'2127615061',
'2136756147',
'2141018758',
'2147063358',
'2147167715',
'2155364001',
'2158361231',
'2161447905',
'2166839791',
'2167259451',
'2174722655',
'2175188855',
'2184410120',
'2200122495',
'2200273461',
'2200913754',
'2215792951',
'2215803191',
'2218536412',
'2218997508',
'2219727713',
'2224430537',
'2233952452',
'2235464415',
'2238070336',
'2239803920',
'2241852491',
'2242253008',
'2260524473',
'2261301442',
'2264636932',
'2264980462',
'2266208883',
'2266755361',
'2267145090',
'2273798232',
'2285653883',
'2286533094',
'2289335376',
'2293777344',
'2296869696',
'2298795237',
'2304099141',
'2307276388',
'2310140283',
'2314072632',
'2319892110',
'2321194124',
'2333480108',
'2340332646',
'2348400982',
'2349533212',
'2357724150',
'2361952102',
'2362135004',
'2369552333',
'2370029442',
'2370184947',
'2372372681',
'2379270172',
'2384220750',
'2385177005',
'2401077890',
'2404434083',
'2409605752',
'2410224827',
'2410684690',
'2410856873',
'2413025955',
'2423566241',
'2430833591',
'2433450632',
'2436118456',
'2437011091',
'2442890622',
'2445775161',
'2448906205',
'2455594482',
'2456986004',
'2459027136',
'2460645702',
'2463078700',
'2464538560',
'2471481095',
'2473791598',
'2475074862',
'2479143447',
'2480992932',
'2484510492',
'2490670752',
'2492510000',
'2492681941',
'2493144772',
'2496466962',
'2502894696',
'2508217337',
'2508219646',
'2508626612',
'2513938071',
'2514807457',
'2520260260',
'2522054634',
'2537869823',
'2541525151',
'2543058655',
'2549379492',
'2569239472',
'2569473912',
'2571592441',
'2574161232',
'2576356563',
'2581391791',
'2582725662',
'2584614251',
'2585107831',
'2594523651',
'2594595923',
'2599527781',
'2602793696',
'2615193670',
'2630199031',
'2631396770',
'2633852391',
'2635402541',
'2635989973',
'2637220431',
'2637720064',
'2639314200',
'2650801682',
'2661289663',
'2662488140',
'2666962772',
'2668311303',
'2668860681',
'2672628147',
'2677129414',
'2687544544',
'2691538052',
'2692725226',
'2709754023',
'2714042123',
'2715794014',
'2717210527',
'2724638521',
'2727233881',
'2730284566',
'2734629780',
'2744186801',
'2744596505',
'2745136541',
'2747871005',
'2747884131',
'2750016670',
'2751502745',
'2755308716',
'2755941901',
'2756722102',
'2758978825',
'2761824902',
'2764509961',
'2767193660',
'2767995825',
'2779002545',
'2781973631',
'2782240352',
'2784292121',
'2784494912',
'2791235253',
'2796880893',
'2799482024',
'2806054781',
'2811191988',
'2812100054',
'2815102062',
'2822333031',
'2830612571',
'2834369880',
'2834842932',
'2836221654',
'2836274042',
'2839003061',
'2842171481',
'2843217593',
'2847974201',
'2849479832',
'2849908688',
'2855845202',
'2856744382',
'2858215182',
'2858228130',
'2860067704',
'2872327631',
'2873989521',
'2874127383',
'2883951714',
'2888818324',
'2888825585',
'2889502647',
'2891353291',
'2891947551',
'2893739381',
'2897016257',
'2897184625',
'2900662998',
'2908136907',
'2912560481',
'2914860906',
'2915063438',
'2915761894',
'2916629974',
'2917581001',
'2925468686',
'2933269146',
'2934289005',
'2935274461',
'2935586988',
'2945233607',
'2946309262',
'2950654866',
'2951847171',
'2953091085',
'2965534157',
'2976885252',
'2977522974',
'2982968317',
'2987447312',
'2990364261',
'2995890850',
'3005694803',
'3013639335',
'3015133471',
'3017262614',
'3033580972',
'3033849113',
'3034986531',
'3042000178',
'3057660401',
'3058310426',
'3059677882',
'3060406013',
'3065841293',
'3066478767',
'3079831631',
'3083611536',
'3085255598',
'3086208141',
'3092349792',
'3097891052',
'3101534814',
'3108009257',
'3111094171',
'3112314682',
'3115008398',
'3115830901',
'3122889478',
'3123697621',
'3125553296',
'3132448575',
'3140080044',
'3142812626',
'3144976521',
'3145883936',
'3148189071',
'3151723958',
'3158129253',
'3158217444',
'3164378627',
'3170925347',
'3173293244',
'3173600483',
'3181348485',
'3190234876',
'3192131202',
'3197108774',
'3197362455',
'3209393098',
'3225115286',
'3225378040',
'3234292662',
'3236297177',
'3236711640',
'3240472087',
'3249117913',
'3250373721',
'3252747770',
'3256413892',
'3257584804',
'3258529782',
'3259300145',
'3272563842',
'3273817945',
'3275829386',
'3277777513',
'3281034524',
'3282260225',
'3292582635',
'3294545081',
'3294964421',
'3302589223',
'3305086722',
'3306441212',
'3313765094',
'3314256946',
'3318672184',
'3325125814',
'3329501950',
'3331021682',
'3335690362',
'3340846702',
'3342039082',
'3344419385',
'3346591823',
'3348269226',
'3351360248',
'3351635075',
'3355052935',
'3357436962',
'3367651510',
'3369385433',
'3374359031',
'3391581155',
'3397846131',
'3401916000',
'3416569167',
'3420321335',
'3420969301',
'3422015222',
'3423182501',
'3426835217',
'3427827524',
'3431203418',
'3431363962',
'3433012711',
'3433380343',
'3438901257',
'3438979063',
'3443380092',
'3445052846',
'3450428088',
'3463438660',
'3464089584',
'3465848992',
'3466110156',
'3470090602',
'3471375643',
'3471957117',
'3472404751',
'3472501282',
'3473840428',
'3474514524',
'3481193143',
'3484821008',
'3489759052',
'3490309326',
'3493153583',
'3495571572',
'3500264725',
'3500817090',
'3504843746',
'3506361638',
'3523319205',
'3526100188',
'3527563655',
'3528700001',
'3533559022',
'3541652843',
'3547480551',
'3551541052',
'3551818501',
'3553937944',
'3557042061',
'3557413158',
'3558796852',
'3560475633',
'3566464971',
'3566494754',
'3569519474',
'3571685747',
'3578670766',
'3581669324',
'3582403722',
'3583034287',
'3594416232',
'3599634771',
'3601625072',
'3601727042',
'3601821826',
'3606231283',
'3607500610',
'3608981422',
'3609318280',
'3617373984',
'3620817132',
'3621113951',
'3626080697',
'3629801610',
'3629929843',
'3632023007',
'3638581840',
'3640967506',
'3641448812',
'3644102095',
'3646169043',
'3663850947',
'3664636931',
'3664879242',
'3679174166',
'3680635091',
'3681368834',
'3687031041',
'3688647812',
'3695286662',
'3697126255',
'3700545871',
'3715461441',
'3718673427',
'3720623805',
'3723847194',
'3742691655',
'3759751905',
'3763450477',
'3765098810',
'3768572492',
'3770507451',
'3770660228',
'3770678300',
'3774871372',
'3779421318',
'3780757251',
'3781523423',
'3781646287',
'3783069484',
'3783547404',
'3788604072',
'3797015848',
'3797087610',
'3797418951',
'3821271651',
'3841736627',
'3853440802',
'3860510318',
'3860554873',
'3874861453',
'3878146841',
'3886118084',
'3897037868',
'3899690316',
'3910689544',
'3925417510',
'3930583268',
'3936514011',
'3943922113',
'3951396866',
'3960688437',
'3964623352',
'3969145335',
'3972329354',
'3974467331',
'3975849622',
'3983799585',
'3984710868',
'3987489138',
'3988160747',
'3994623082',
'3996673933',
'3997831820',
'4013281172',
'4013870141',
'4014816504',
'4021382752',
'4022672310',
'4023612160',
'4030140953',
'4035709488',
'4037523553',
'4041018181',
'4042756792',
'4049511623',
'4053899665',
'4056411012',
'4067540938',
'4076606381',
'4082722356',
'4083045906',
'4085524461',
'4085944710',
'4086974233',
'4092790644',
'4094519372',
'4101305048',
'4102298194',
'4104071591',
'4105217857',
'4111019836',
'4111971632',
'4112598076',
'4119087676',
'4119548114',
'4135945576',
'4137789941',
'4138172631',
'4140424082',
'4145259723',
'4153333198',
'4160211862',
'4165207656',
'4166883232',
'4180745717',
'4191457190',
'4192476307',
'4193564151',
'4194816438',
'4197931463',
'4204017137',
'4204079592',
'4212151463',
'4220789644',
'4235702747',
'4236876231',
'4241019054',
'4246284517',
'4249005614',
'4250585911',
'4252268264',
'4253430272',
'4255107571',
'4260424042',
'4265430706',
'4268730638',
'4271559322',
'4271961677',
'4274472971',
'4282059834',
'4283562577',
'4287791027',
'4290791894',
'4292852163',
'4294302752',
'4295097223',
'4296768284',
'4299866232',
'4302498475',
'4302867400',
'4307981321',
'4309440663',
'4310332652',
'4311998766',
'4315572894',
'4325380318',
'4327090791',
'4329638741',
'4329671157',
'4330147501',
'4340012288',
'4342059696',
'4346980803',
'4347942288',
'4348697078',
'4348874771',
'4354065331',
'4356294157',
'4357896070',
'4360894941',
'4361583317',
'4363314171',
'4364520310',
'4365448036',
'4370155890',
'4379568991',
'4382309144',
'4385126590',
'4387186606',
'4391745907',
'4408638922',
'4412406293',
'4415041562',
'4417043356',
'4417914726',
'4420888608',
'4425753207',
'4430917981',
'4431955404',
'4436490330',
'4448509032',
'4449632433',
'4449811041',
'4450390355',
'4450537881',
'4456279468',
'4457370422',
'4457964281',
'4470890792',
'4471551361',
'4474695373',
'4475444790',
'4480841290',
'4491066735',
'4502893013',
'4504500518',
'4504871942',
'4510578065',
'4517631482',
'4520957896',
'4521789735',
'4523645990',
'4526731896',
'4547466111',
'4548893045',
'4554553864',
'4554744030',
'4557976052',
'4559532161',
'4567667243',
'4571235522',
'4572020421',
'4574391310',
'4574660350',
'4575345274',
'4588413842',
'4591261654',
'4591616346',
'4592241686',
'4601176092',
'4601684792',
'4612808441',
'4620199364',
'4622034491',
'4623168451',
'4625344211',
'4628635232',
'4632449882',
'4633483917',
'4635028561',
'4641771790',
'4642576740',
'4649568388',
'4652264051',
'4657356114',
'4660901232',
'4663622580',
'4667454112',
'4670672111',
'4681748188',
'4683092245',
'4687638428',
'4691669204',
'4694814024',
'4701054611',
'4703585321',
'4706899443',
'4708680273',
'4709997644',
'4721862381',
'4727573011',
'4728697346',
'4729167825',
'4729993662',
'4730888621',
'4731891571',
'4733675143',
'4735025652',
'4736939501',
'4741070000',
'4743807304',
'4743934513',
'4746573272',
'4751690747',
'4755638883',
'4757783460',
'4768295286',
'4771158100',
'4774570976',
'4777024432',
'4777559531',
'4783926408',
'4784224213',
'4785835372',
'4785930155',
'4786994323',
'4788795477',
'4797298813',
'4797761556',
'4799981893',
'4803947824',
'4814019093',
'4814568123',
'4814626611',
'4829950814',
'4832250170',
'4834126561',
'4839918654',
'4840879941',
'4846925953',
'4848279444',
'4849350446',
'4851471442',
'4854812611',
'4857185062',
'4870422024',
'4878501743',
'4884690321',
'4893472528',
'4896471496',
'4896675191',
'4897525433',
'4901129192',
'4904687820',
'4906559250',
'4911681346',
'4920029775',
'4921004093',
'4931018691',
'4933072763',
'4934703141',
'4938792825',
'4943151123',
'4944426842',
'4945288540',
'4946282172',
'4949840165',
'4955883520',
'4958036118',
'4966298582',
'4976696638',
'4980131191',
'4983393162',
'4988666563',
'4999139114',
'5003207005',
'5011590573',
'5012632147',
'5019729886',
'5032463817',
'5039916060',
'5044917706',
'5046553583',
'5047027216',
'5056445343',
'5056506300',
'5058827792',
'5061205426',
'5061738712',
'5066982812',
'5069475143',
'5087258434',
'5089733698',
'5091581503',
'5105803846',
'5122142978',
'5123198230',
'5128309931',
'5134442997',
'5134927693',
'5150009901',
'5153104235',
'5155012112',
'5175016152',
'5177297373',
'5182495114',
'5185714018',
'5188764957',
'5192504192',
'5194682502',
'5201349175',
'5203057238',
'5210751194',
'5216942085',
'5218331038',
'5219855807',
'5228503048',
'5236720200',
'5238066102',
'5238908384',
'5241388071',
'5244401872',
'5244516556',
'5248372001',
'5255267941',
'5255278590',
'5268427117',
'5270095004',
'5270628555',
'5273955111',
'5276135902',
'5287551012',
'5289143697',
'5292121100',
'5296582392',
'5298632924',
'5302396152',
'5302556520',
'5307287082',
'5307849585',
'5308481342',
'5311413645',
'5311593337',
'5315810643',
'5316080570',
'5322024056',
'5334187372',
'5342729196',
'5344977065',
'5346382001',
'5351600632',
'5351649908',
'5359277013',
'5359736224',
'5360216944',
'5366374321',
'5369282293',
'5379405533',
'5381122515',
'5384341192',
'5388519082',
'5392469005',
'5404160212',
'5406416021',
'5412045251',
'5414782442',
'5443836231',
'5445498271',
'5446984268',
'5450419808',
'5455666482',
'5462041811',
'5464253644',
'5470581722',
'5476593001',
'5480238863',
'5493022487',
'5495698535',
'5500024301',
'5505671501',
'5509699198',
'5515911671',
'5520919288',
'5528401831',
'5531077801',
'5538033620',
'5538254986',
'5541267631',
'5541994224',
'5542533281',
'5548273111',
'5548871580',
'5548999891',
'5549065033',
'5550174090',
'5551004782',
'5557150856',
'5557329244',
'5557619981',
'5557678541',
'5566517764',
'5567156542',
'5583503448',
'5590045697',
'5595650151',
'5599516457',
'5602056924',
'5604420147',
'5605424583',
'5615331674',
'5622705203',
'5628846503',
'5639081773',
'5644484395',
'5647033388',
'5653360130',
'5654054466',
'5655908094',
'5669464146',
'5677554424',
'5684123161',
'5684959727',
'5685020172',
'5688021690',
'5688653647',
'5691535212',
'5696127810',
'5699624595',
'5702654051',
'5706617931',
'5706815513',
'5709494460',
'5717335911',
'5722025623',
'5722963821',
'5723540337',
'5724233252',
'5728002900',
'5730333471',
'5731764198',
'5736556286',
'5737041034',
'5750142465',
'5754306576',
'5754820396',
'5756274688',
'5756344644',
'5760968537',
'5762170953',
'5766709542',
'5779677710',
'5781321776',
'5793121335',
'5793155992',
'5795633705',
'5803785297',
'5810748047',
'5815407132',
'5822426733',
'5824034321',
'5828321847',
'5835747510',
'5842058922',
'5848234887',
'5857485365',
'5859081303',
'5859832322',
'5862500602',
'5862576362',
'5863786550',
'5869991951',
'5871250978',
'5873122161',
'5875122946',
'5882818400',
'5890829991',
'5892766416',
'5895575942',
'5902377800',
'5904979965',
'5912224432',
'5912584054',
'5921816895',
'5921959868',
'5923607706',
'5931540731',
'5946270690',
'5953993467',
'5957774340',
'5960360385',
'5962452338',
'5964678943',
'5983334258',
'5983918944',
'5995004441',
'6000501733',
'6002017687',
'6004026971',
'6007033831',
'6018236516',
'6021201238',
'6023191701',
'6023610572',
'6023705047',
'6024621118',
'6026084164',
'6027043971',
'6028412490',
'6030183267',
'6031105295',
'6038116132',
'6048346715',
'6048769044',
'6050697561',
'6051384944',
'6064106601',
'6084844812',
'6091001026',
'6093034252',
'6103025155',
'6104570958',
'6106469451',
'6106734362',
'6112653073',
'6127464611',
'6131239341',
'6138926784',
'6145053035',
'6145871451',
'6146792492',
'6146797022',
'6151152012',
'6154776195',
'6156410735',
'6162334091',
'6167346612',
'6171381776',
'6172749078',
'6177589095',
'6182783862',
'6187716121',
'6190316514',
'6191624645',
'6196589176',
'6203566344',
'6207950216',
'6220687245',
'6224067424',
'6227506441',
'6230388907',
'6237592062',
'6249152372',
'6255988340',
'6260426754',
'6268354252',
'6275198462',
'6275334747',
'6280614004',
'6281058924',
'6283899675',
'6290406840',
'6296357645',
'6296649964',
'6305766761',
'6308594865',
'6308790396',
'6310787554',
'6312619714',
'6317023472',
'6325391365',
'6326461965',
'6331162987',
'6331504877',
'6334431636',
'6338049018',
'6341087247',
'6344954367',
'6349102281',
'6357216651',
'6359096256',
'6360268255',
'6360341345',
'6368044868',
'6371412190',
'6371935663',
'6373704124',
'6374682995',
'6383387561',
'6394195304',
'6404611744',
'6412860185',
'6422755722',
'6422771072',
'6424852214',
'6427821890',
'6436531407',
'6438286015',
'6445024867',
'6445976764',
'6452239005',
'6453446722',
'6457308626',
'6460943345',
'6463728548',
'6465744757',
'6468321135',
'6474543217',
'6479275325',
'6493156118',
'6502314184',
'6510548500',
'6514088096',
'6516825022',
'6516889703',
'6526413178',
'6534243906',
'6537252428',
'6539091191',
'6545057005',
'6545177211',
'6548132782',
'6551702152',
'6559279035',
'6561825162',
'6562553538',
'6575594155',
'6576543563',
'6580282798',
'6584713137',
'6590897344',
'6591977273',
'6592580321',
'6595365512',
'6607957660',
'6611795562',
'6618077358',
'6618204725',
'6618806251',
'6620115436',
'6623777465',
'6649546747',
'6650452094',
'6654817684',
'6658637261',
'6676781481',
'6681367734',
'6682720656',
'6685179498',
'6687527021',
'6691163375',
'6692527778',
'6692590791',
'6698147824',
'6707826553',
'6709576047',
'6711271995',
'6714870152',
'6729234552',
'6729538662',
'6729552838',
'6731548606',
'6740323961',
'6743907786',
'6747168571',
'6747825296',
'6751893851',
'6757958011',
'6758090731',
'6760712857',
'6766033277',
'6767945143',
'6773596480',
'6776396277',
'6789293816',
'6798246071',
'6809276131',
'6823261521',
'6823582213',
'6826124035',
'6829132561',
'6832177497',
'6838993716',
'6841210492',
'6841542226',
'6841868445',
'6843650831',
'6845450643',
'6855504778',
'6857609935',
'6867069207',
'6876257236',
'6876829893',
'6877129270',
'6878548282',
'6878683237',
'6882986113',
'6889297691',
'6890142151',
'6894604340',
'6913698965',
'6932877163',
'6944971168',
'6953706276',
'6966304172',
'6968241921',
'6970674863',
'6979030111',
'6979516148',
'6979872123',
'6980562498',
'6982983202',
'6992339874',
'6992476562',
'6997880065',
'7002877091',
'7004286263',
'7006136491',
'7006151153',
'7008140641',
'7012041824',
'7021867921',
'7022085548',
'7030151491',
'7030568204',
'7036617101',
'7041927498',
'7046354651',
'7047015641',
'7051449706',
'7052583335',
'7059796562',
'7061579558',
'7069586755',
'7075469900',
'7083464085',
'7084373554',
'7091915631',
'7092577450',
'7092743691',
'7101540977',
'7102244788',
'7102288005',
'7107619828',
'7109537382',
'7109981054',
'7111712987',
'7112159887',
'7114605195',
'7129741792',
'7136894791',
'7141367443',
'7142950601',
'7151214712',
'7152065126',
'7162717397',
'7163671801',
'7167500135',
'7168394105',
'7173450032',
'7177442133',
'7181760432',
'7183312831',
'7187475875',
'7189148153',
'7190510888',
'7190640812',
'7194519577',
'7195515905',
'7195936672',
'7200759362',
'7203815814',
'7213308768',
'7214158006',
'7214748563',
'7217180473',
'7218293982',
'7219177487',
'7221854932',
'7224676448',
'7227756817',
'7234498566',
'7234794242',
'7237328972',
'7241129905',
'7249796466',
'7258188430',
'7269065300',
'7269167370',
'7269191031',
'7272044893',
'7272394282',
'7276173426',
'7281775021',
'7292282135',
'7298725644',
'7302130488',
'7315287826',
'7315724677',
'7317769107',
'7318302387',
'7322108101',
'7322221618',
'7328707958',
'7328713061',
'7334071916',
'7338286280',
'7339811385',
'7342250971',
'7343569671',
'7350540583',
'7356182745',
'7363573511',
'7365387112',
'7370166260',
'7370960162',
'7381871375',
'7385256091',
'7385710254',
'7390864035',
'7396054671',
'7397409832',
'7409234382',
'7412877831',
'7414706863',
'7415223202',
'7415320895',
'7418642195',
'7418937882',
'7427304275',
'7428675346',
'7429022815',
'7429048733',
'7431596186',
'7432484292',
'7434392752',
'7439237165',
'7443070185',
'7444029830',
'7452508940',
'7452902880',
'7453295816',
'7453301757',
'7454474174',
'7462304080',
'7475412418',
'7480245851',
'7486477244',
'7487172875',
'7489554651',
'7499126717',
'7504146580',
'7504870358',
'7517388166',
'7530003973',
'7535631540',
'7536439071',
'7536546238',
'7537474840',
'7541086521',
'7545191978',
'7552184011',
'7555028127',
'7559200145',
'7563795417',
'7564221687',
'7571258440',
'7573088045',
'7574877158',
'7576956220',
'7577227313',
'7588534853',
'7589274955',
'7591884775',
'7606217221',
'7608038171',
'7615414083',
'7620970876',
'7622274788',
'7622361312',
'7624127575',
'7627384251',
'7628386881',
'7630984071',
'7634208098',
'7636565354',
'7638855972',
'7640113755',
'7643672983',
'7654503664',
'7672685928',
'7674644641',
'7679031150',
'7683350287',
'7710112936',
'7716477738',
'7717808304',
'7720607291',
'7724794818',
'7725258388',
'7736378061',
'7736976440',
'7743145532',
'7755363452',
'7762623964',
'7772020943',
'7776850826',
'7782217541',
'7782896035',
'7786388908',
'7787138675',
'7792891317',
'7797622852',
'7802230871',
'7802776531',
'7805348480',
'7805371300',
'7816173294',
'7816894350',
'7818401372',
'7839023985',
'7844675995',
'7847076304',
'7849781578',
'7850722167',
'7858489126',
'7858823098',
'7862285024',
'7863331790',
'7863641330',
'7870414823',
'7872392765',
'7881724922',
'7884333737',
'7887771262',
'7888682225',
'7891815187',
'7895564614',
'7901288543',
'7916476541',
'7917311101',
'7918641682',
'7921177561',
'7924464455',
'7938755762',
'7940762328',
'7943501816',
'7943752798',
'7946114914',
'7953270488',
'7956126546',
'7971873176',
'7972092693',
'7977872647',
'7980074641',
'7980338826',
'7981047745',
'7985323621',
'7989581612',
'7994675848',
'7994887210',
'8001060562',
'8003815840',
'8005220051',
'8006590471',
'8006595594',
'8015761418',
'8017619586',
'8021078216',
'8023810951',
'8026701173',
'8027619814',
'8028740996',
'8031519500',
'8032720537',
'8037261653',
'8038332681',
'8047428643',
'8051616277',
'8052053330',
'8064549554',
'8069317474',
'8069966668',
'8072266180',
'8072500892',
'8072855807',
'8077266664',
'8080339488',
'8084421230',
'8086424331',
'8090138571',
'8090835538',
'8103362718',
'8105673138',
'8109408668',
'8116722112',
'8121893976',
'8130833832',
'8135050967',
'8139192636',
'8139691027',
'8151625242',
'8157047545',
'8157409644',
'8167258082',
'8170378721',
'8176545364',
'8193587892',
'8194008057',
'8204926437',
'8206358781',
'8207545396',
'8226449853',
'8231573188',
'8237216260',
'8249692080',
'8252248761',
'8262271751',
'8274793208',
'8279555012',
'8289582642',
'8291500772',
'8292917561',
'8300242791',
'8307578604',
'8314673525',
'8315296071',
'8316110174',
'8322180931',
'8329492596',
'8331645101',
'8342224652',
'8351488185',
'8352166981',
'8362123240',
'8363902523',
'8365905398',
'8365988881',
'8370437287',
'8375968321',
'8383684541',
'8389054791',
'8390937962',
'8392921172',
'8415040126',
'8426437513',
'8435564162',
'8437376446',
'8440242817',
'8440351547',
'8448071561',
'8455548490',
'8457809800',
'8460358142',
'8467224110',
'8467307115',
'8470136384',
'8479023686',
'8479726920',
'8480461327',
'8483739161',
'8488665137',
'8496792793',
'8501897391',
'8504769874',
'8505566060',
'8517377753',
'8519161487',
'8525950993',
'8527750068',
'8535856512',
'8544669196',
'8548407661',
'8559727256',
'8564714120',
'8568491872',
'8570921426',
'8574884801',
'8575182785',
'8579749505',
'8586899386',
'8594115893',
'8597522068',
'8602836960',
'8609096882',
'8609522588',
'8611953946',
'8615056917',
'8635075547',
'8640204330',
'8640247083',
'8641702872',
'8642310146',
'8643093235',
'8643585693',
'8643761812',
'8649962363',
'8657640540',
'8667246448',
'8671012631',
'8671926351',
'8673256077',
'8676260121',
'8677776251',
'8678461237',
'8679126777',
'8682027632',
'8683685801',
'8683709098',
'8683876482',
'8684074611',
'8689846918',
'8698333430',
'8700422987',
'8709394440',
'8709740032',
'8715932730',
'8717637022',
'8721460222',
'8730431602',
'8733003886',
'8742294536',
'8749873570',
'8755062068',
'8756595591',
'8765351968',
'8766481554',
'8767770122',
'8771026247',
'8779380430',
'8782151105',
'8785184228',
'8788394898',
'8799279786',
'8800830923',
'8800903785',
'8801006075',
'8805203415',
'8808560265',
'8815699824',
'8819691824',
'8828548620',
'8830524175',
'8839768622',
'8842284877',
'8842517942',
'8844856571',
'8845758465',
'8847862602',
'8857275295',
'8871822106',
'8878548590',
'8882214396',
'8883835107',
'8892432595',
'8898939622',
'8903841835',
'8904912853',
'8908145770',
'8908400853',
'8910385077',
'8919327094',
'8920096146',
'8929846836',
'8943006722',
'8945483532',
'8958752275',
'8959945158',
'8960954600',
'8961107808',
'8972911185',
'8974684763',
'8976104321',
'8977394216',
'8977412452',
'8982409163',
'8982635046',
'8984202523',
'8996178490',
'9015594686',
'9015743844',
'9024014627',
'9028131533',
'9030820555',
'9039849121',
'9043253472',
'9044289351',
'9045063595',
'9046278661',
'9048689812',
'9050835643',
'9051015232',
'9054070785',
'9067403525',
'9068742436',
'9069283466',
'9073802162',
'9075836454',
'9075947413',
'9082257333',
'9094159788',
'9097471800',
'9108671000',
'9109155948',
'9110206911',
'9110446004',
'9111823432',
'9117234683',
'9118127177',
'9125300036',
'9139426118',
'9139814521',
'9144924750',
'9148473894',
'9148786652',
'9159801226',
'9164198561',
'9167444021',
'9169426345',
'9176214431',
'9179540591',
'9182421652',
'9195567877',
'9197960111',
'9205476271',
'9205954448',
'9213184321',
'9217655255',
'9224094382',
'9225015498',
'9234816912',
'9236937178',
'9241219407',
'9242061218',
'9245288138',
'9245637946',
'9250615587',
'9251125672',
'9255213042',
'9255896813',
'9256113376',
'9260051584',
'9264365514',
'9264849087',
'9269943021',
'9277349704',
'9284404375',
'9285058417',
'9286410676',
'9293933383',
'9294615235',
'9305304720',
'9311488372',
'9324814011',
'9331981294',
'9332267712',
'9333036202',
'9333576261',
'9334708413',
'9340464756',
'9342408541',
'9342601834',
'9342887881',
'9351451107',
'9351879228',
'9355209405',
'9358438706',
'9359984682',
'9364314027',
'9368738012',
'9369902258',
'9370239016',
'9374061891',
'9374795661',
'9391335182',
'9391994931',
'9393601522',
'9396011265',
'9404634253',
'9412874352',
'9416268557',
'9419601222',
'9422965264',
'9424713500',
'9425959841',
'9435762986',
'9457162645',
'9461316876',
'9466044101',
'9468951250',
'9482245303',
'9484006197',
'9484191488',
'9486979662',
'9487271288',
'9488141248',
'9492341658',
'9514556820',
'9515283060',
'9516991644',
'9518498352',
'9521165563',
'9525127138',
'9526212411',
'9527628544',
'9540188672',
'9542459812',
'9547995737',
'9549817910',
'9552598413',
'9557929813',
'9569416291',
'9571970721',
'9589860513',
'9590285238',
'9590917296',
'9593396643',
'9594144915',
'9596316077',
'9599099381',
'9601306234',
'9606108978',
'9607967872',
'9609155028',
'9614056691',
'9614097947',
'9618014618',
'9622508664',
'9623011078',
'9627949052',
'9628785347',
'9634262597',
'9648708287',
'9650216868',
'9658914761',
'9659555372',
'9660571761',
'9666477296',
'9670310897',
'9671543607',
'9674111330',
'9679955802',
'9680248361',
'9682738135',
'9687525501',
'9691600504',
'9693497452',
'9694459802',
'9698165110',
'9715928523',
'9716324193',
'9719614461',
'9722198101',
'9735786691',
'9735932397',
'9743012932',
'9743446163',
'9743820122',
'9748430961',
'9759439600',
'9764713347',
'9771915430',
'9782711202',
'9795935066',
'9800490765',
'9804587645',
'9807833025',
'9812770643',
'9841081753',
'9852134530',
'9855994301',
'9857612533',
'9862080152',
'9872558904',
'9873446117',
'9874644354',
'9876076865',
'9879601271',
'9880851718',
'9883518131',
'9883891021',
'9885095841',
'9902530568',
'9902868904',
'9904533420',
'9905733211',
'9913956584',
'9919480844',
'9919600972',
'9927811795',
'9932033307',
'9933377166',
'9936900491',
'9957830322',
'9960687302',
'9968232663',
'9971381442',
'9972216764',
'9974140991',
'9981271382',
'9983023501',
'9990792477',
'9995165940',
'9999816658'
